Title,Price,Date
CHOORO Data Analyst Gift Data Science Data Engineer Jewelry Data Scientist Analytics Data Whisperer Keychain,"3,859.",2026-07-21
Data Analyst T Shirt Funny Gift for Bean Counter Graduate Career Professional Numbers Geek Spreadsheet Unisex Tee,"8,883.",2026-07-21
Funny Shirts Best Data Analyst Ever T-Shirt Funny Tshirt T-Shirt Funny,"4,173.",2026-07-21
Funny Tee Shirts Best Data Analyst Ever T-Shirt,"4,109.",2026-07-21
Funny T-Shirt Best Data Analyst Ever T-Shirt Mens Funny Tshirts Mens T Shirts Graphic Funny,"4,157.",2026-07-21
Womens Funny Tshirts Best Data Analyst Ever T-Shirt Funny Shirts Funny Shirts for Women,"4,157.",2026-07-21
T Shirts for Men Funny Best Data Analyst Ever T-Shirt Funny Men T-Shirt Funny T-Shirts for Women,"4,187.",2026-07-21
T-Shirts for Men Graphic Funny Best Data Analyst Ever T-Shirt Womens Funny Graphic Tees,"4,262.",2026-07-21
Tshirt Funny Best Data Analyst Ever T-Shirt Funny Saying Shirts for Women,"5,335.",2026-07-21
Debugging Expert Shirt Computer Coder Gift for Computer Programmer Ethical Hacker T Shirt Data Analyst Unisex Tee,"7,216.",2026-07-21
I'm 99 Percent Sure It's A False Positive | Tee T-Shirt | Men,"5,279.",2026-07-21
Chartered Financial Analyst Gift Funny Shirt Financial Analyst Gift for Men for Women Spreadsheet Professional Da Unisex Tee,"6,660.",2026-07-21
Seize The Data T Shirt Funny Gift for Computer Scientist Analyst Engineer Coder Geek - Unisex Tee,"7,216.",2026-07-21
Funny Shirts Best Data Analyst Ever T-Shirt Funny Tshirt T-Shirt Funny,"5,218.",2026-07-21
Tshirt Funny Best Data Analyst Ever T-Shirt Funny Saying Shirts for Women,"4,457.",2026-07-21
Debugging Expert Shirt Computer Coder Gift for Computer Programmer Ethical Hacker T Shirt Data Analyst Unisex Tee,"6,660.",2026-07-21
Panvola That Wasn't Very Data Driven of You Data Mug 11oz White,"3,604.",2026-07-21
Expert Advice Shirt – I Talk to Myself Funny Graphic Tee for Dad or Grandpa,"4,165.",2026-07-21
Panvola I Love The Smell Of Data In The Morning Data Mug 11oz White | Data Analyst Scientist Gifts Boss Coworker Office Gifts Ceramic Mug Novelty Drinkware,"3,881.",2026-07-21
Panvola Data Or It Didn't Happen Data Analyst Scientist Gifts Boss Coworker Office Gifts Novelty Drinkware Ceramic Mug 11 oz White,"3,881.",2026-07-21
"Gen X The Badass Generation Tshirts, Gen X T Shirt Women, Genx T Shirt Men, Sissy Shirts","8,333.",2026-07-21
Kindcall Lightweight Crop Tops Slim Fit Stretchy Workout Shirts for Women,"3,609.",2026-07-21
Every Now Then Someone Awesome Comes Along and Here I Am Funny Sarcastic Mens Graphic Novelty Shirt Tee Humor,"5,276.",2026-07-21
"Panvola Nice Story Now Show Me The Data Funny Data Analyst Gifts Data Science Scientist Boss Coworker Office Employer From Employee Ceramic Mug (Black, 11 oz)","4,159.",2026-07-21
amropi Men's T-Shirt Long Sleeve V Neck Tee Shirts Casual Pet Carrier Tops with Kangaroo Pouch,"6,944.",2026-07-21
Blissboy Funny Abstract Geometric T-Shirt Novelty Short Sleeve Crewneck Shirt,"6,666.",2026-07-21
(1PC) If I'm Too Much Then Go Find Less Shirts Women Funny Sarcastic Saying V-Neck Graphic Tops Mom Letter Print Tees,"4,165.",2026-07-21
Ykomow Steel Magnolias T Shirt Women Casual Laughter Thorough Tears Graphic Tees,"5,554.",2026-07-21
"Men's Hawaiian Shirt, Mirrored Graphic Print, Short Sleeve Vacation Shirt, Tropical Casual Beach","5,554.",2026-07-21
